f name,l name,age,email,address
Lanny,Shawna,72,sformigli0@furl.net,06457 Anderson Court
Joete,Torrie,86,tstampfer1@mysql.com,049 3rd Crossing
Eudora,Neilla,38,nshurmer2@blinklist.com,4388 Garrison Pass
Adriena,Abram,28,apappin3@nba.com,7 Kings Avenue
Cacilia,Chet,48,cschuh4@msu.edu,727 Golden Leaf Street
Pennie,Marabel,5,mgaddas5@imageshack.us,21 Comanche Way
Roldan,Freeland,36,fhastilow6@so-net.ne.jp,776 Hollow Ridge Place
Lemmy,Manolo,25,mdunlop7@tumblr.com,44 Division Hill
Stella,Brnaby,80,bburrell8@etsy.com,29 Katie Pass
Kenny,Dwayne,29,dperigo9@umich.edu,9 La Follette Crossing
Abbot,Tibold,25,tgooderidgea@weather.com,0221 Lake View Plaza
Joya,Gerrie,18,gwhildb@adobe.com,97474 Darwin Drive
Tannie,Sallie,88,spockc@berkeley.edu,2633 Anderson Pass
Hulda,Michaelina,88,mhalsod@wikia.com,7504 Pleasure Crossing
Agnella,Cecilius,8,cjewele@studiopress.com,7 Mallory Alley
Sheff,Portie,1,pdesesquellef@delicious.com,9643 Brown Avenue
Tamar,Randa,84,rmaindsg@ucsd.edu,36 Cascade Center
Damaris,Cchaddie,30,csouchh@miibeian.gov.cn,183 Dennis Street
Madelene,Dominica,28,dmartinovskyi@seattletimes.com,51 Waywood Avenue
Berton,Norine,96,nchuneyj@fda.gov,886 Blackbird Place
